Título;Autores;Data de publicação;Editora
10 Poemas para Catarina;VARIOS AUTORES;;
100 Edições;Grande Reportagem;;
1001 Maneiras de se manter jovem;VARIOS AUTORES;;
1001 Provérbios Adágios e Ditos Populares Portugueses;A. Ferreira;;
15 Minutos pela sua Saude;Readers Digest;;
150 Receitas;VARIOS AUTORES;;
1755  O Grande Terramoto de Lisboa;Edições Público;;
1755 Providências do Marquês de Pombal;Edições Público;;
1755 Sobre as Causas dos Terramotos;Edições Público;;
1808;Laurentino Gomes;2014;Buobooks
1822;Laurentino Gomes;;Globo Livros
1889;Laurentino Gomes;;PORTO EDITORA
1984;George Orwell;;
1Q84  Livro 3;Haruki Murakami;2009;
1Q84 - Livro 1;Haruki Murakami;;Casa das Letras
1Q84 - Livro 2;Haruki Murakami;;Casa das Letras
2 Peças em um Acto;Luis De Sttau Monteiro;;
20 Artistas    1985-2005;Ministério Da Cultura;;
200 Exercícios para o Teatro;Augusto Boal;;
21 Lições para o Século XXI (3.ª Edição);Yuval Noah Harari;;Elsinore
25 de Abril;VARIOS AUTORES;;
28 Minutos e 7 Segundos de Vida;Jose Alberto Carvalho;;Oficina do Livro
300 Sanduiches;VARIOS AUTORES;;
40 Aniversário de Gaibeus;Sociedade Biblica;;
5 Caprichos Teatrais;José Gomes Ferreira;;
5 de Outubro de 1976  Discursos Oficiais;Secretaria De Estado Da Comunicação Social;;
5 Dias  5 Noites;Manuel Tiago;;
5 Meses Mudaram Portugal;Otelo Saraiva De Carvalho;;
8 Histórias;MDP / CDE;;
800 Anos de Poesia Portuguesa;VARIOS AUTORES;;
9 Artistas de Moçambique;EXPO 92;;
A;Anarca;;
A;Anarca;;
A 25 Hora;C. Virgil Gheorghiu;;
A alma trocada;Rosa Lobato de Faria;2013;Leya
A Ameaça;Ken Follett;;Editorial Presença
A Aparição;Vergílio Ferreira;;
A Arma dos Juízes;Clara Pinto Correia;;
A Arte Alemã, Espanhola, Portuguesa e Brasileira até 1900;Dr. Horst Vey, Dr. Xavier De Salas, Dr. José Augusto França;;Editora Grolier
A Arte Chinesa e Japonesas;Michael Sullivan;;Editora Grolier
A Arte em Portugal no Sec. XIX    Volume 2;José Augusto França;;
A Arte Flamenga e Holandesa;A. M. Hammacher, Dr. R. Hammacher Vandenbrande;;Editora Grolier
A Arte Francesa de 1350 a 1850;Michel Laclotte;;Editora Grolier
A Arte Inglesa e Norte-Amercana até 1900;Dr. Kenneth Garlick;;Editora Grolier
A Arte Italiana até 1850;Mario Monteverdi;;Editora Grolier
A Arte Moderna;David Sylvester;;Editora Grolier
A Arte Moderna e Contemporânea Portuguesa de 1900 a 1979;Editora Grolier;;Editora Grolier
A Aventura Boliviana;Che Guevara;;
A Aventura Portuguesa;Augusto Pereira Brandão;;Verbo
A Avó   I;E. Richebourg;;
A Avó II;E. Richebourg;;
A Barca dos Sete Lemes;Alves Redol;;
A Batalha sem Fim V;Aquilino Ribeiro;;
A Biblioteca;Zoran Živkovi?;2002;
A Boa Terra;Pearl Buck;;
A Cabana do Pai Tomás;Harriet Beecher Stowe;;
A Caminho de Fátima;Mário Castrim;;
A Capela Arraiana;Adérito Tavares;;
A Casa de Eulália;Manuel Tiago;;
A Casa e o Mundo;Rabindranath Tagore;;
A Casa e o Mundo;R. Tagore;;
A Casa Grande de Romarigães XVI;Aquilino Ribeiro;;
A Casa Quieta;Rodrigo Guedes De Carvalho;;
A Ceia dos Cardeais;Júlio Dantas;;
A Celulite;VARIOS AUTORES;;Impala
A Chave Para Rebecca;Ken Follett;1980;
A Cidade Depois;Pedro Paixão;;
A Cidade e a Infância;José Luandino Vieira;;
A Cidade e as Ruas;VARIOS AUTORES;;
A Ciganita;Miguel De Cervantes;;
A Cigarra;Anton Tchekov;;
A Colina da Saudade;Han Suyin;;
A Comuna de Paris;V. I. Lénine;;
A Construção Europeia de 1945 aos Nossos Dias;Pascal Fontaine;;
A Correspondência de Fradique Mendes;Eça Queiroz;;
A Corrida de Flanagan;Tom McNab;;
A Crise da Igreja;Padre Felicidade Alves, D. Hélder Câmara, Camilo Torres, Jean Marie Domenach, Nicolas Boulte, Pierre Bleu;;
A Defesa Costa;Grande Reportagem;;
A Definição das Fronteiras   1096-1297;Margarida Garcez Ventura;;
A Deportação;Publicações Europa América;;
A Descoberta de uma Conspiração;Günter Wallraff;;
A Dispersão dos Sephardim;Amilcar Paulo;;
A espada e a azagaia (Portuguese Edition);Mia Couto;15/04/2016;Editorial Caminho
A Essência do Comércio;Fernando Pessoa;;
A Face Oculta de Hitler;Lothar Machtan;19/11/2001;
A Família de Pacoal Duarte;Camilo José Cela;;
A Força da Idade;Simone De Beauvoir;;
A Força Ignorada das Companheiras;Gina Freitas;;
A Funda 1;Artur Portela Filho;;
A Funda 3;Artur Portela Filho;;
A Funda Volume 2;Artur Portela Filho;;
A Gaia Ciência;Nietzsche;;
A Geologia;Giordano Repossi;;
A guerra civil de Espanha;Hugh Thomas;;
A Herança de Nobel;Edições Público;;
A História Começa na Sumeria;Samuel Noah Kramer;;
A História da Bela Fria;Teresa Veiga;;
A História do Amor;Nicole Krauss;;Dom Quixote
A História do Capuchinho Vermelho Contado as Crianças e nem por isso;Manuel António Pina, Paula Rego;;
A História do Homem nos Últimos Dois Milhões de Anos;Readers Digest;;
A História me Absolverá;Fidel Castro;;
A II Guerra Mundial;Diário De Noticias;;
A ilha debaixo do mar;Isabel Allende;;
A Impossível Evasão;Urbano Tavares Rodrigues;;
A Inquisição está a sair da fogueira;Ípsilon;;
A Instrução dos Amantes;Inês Pedrosa;;
A Jangada de Pedra;José Saramago;;
A Juventude de Alexis;Maxim Gorky;;
A Leste do Paraíso;John Steinbeck;;
A Luz;Stephen King;;
A Luz no Túnel;Jorge Amado;;
A Melodia De Adeus;Nicholas Sparks;;Editorial Presenca
A Melodia De Adeus;Nicholas Sparks;;Editorial Presenca
A Menina do Mar;Sophia De Mello Breyner Andresen;;
A minha avó pede desculpa;Fredrik Backman;;Porto Editora
A Minha Casa é o Teu Coração;Margarida Rebelo Pinto;;
A Monarquia Portuguesa;Readers Digest;;
A Montanha da Alma;Gao Xingjian;;DOM QUIXOTE
A Morte de Catarina Eufémia;Margarida Tengarrinha;;
A Mulher;Sousa Costa;;
A Mulher de Trinta Anos;Honoré Balzac;;
A Máquina do Amor;Jacqueline Susann;;
A Máquina do Tempo;H. G. Wells;;
A Mãe;Bertolt Brecht;;
A Nebulosa de Andrómeda;Ivan Efrémov;;
A Noite;José Saramago;;
A Noite e a Madrugada;Fernando Namora;;
A Noite Roxa;Urbano Tavares Rodrigues;;
A Noiva Judia;Pedro Paixão;;
A Obra ao Negro;Marguerite Yourcenar;;
A Odisseia de Baldassare;Amin Maalouf;;Marcador
A Oposição Libertária em Portugal   1939-1974;Edgar Rodrigues;;
A Origem da 1°Internacional em Lisboa;Carlos Fonseca;;
A Origem do Movimento das Forças Armadas;Luis Ataide Banazol;;
A Perda da Independência  1578-1583;Carlos Margaça Veiga;;
A Personagem;Maria Ondina Braga;;
A Peste;Albert Camus;;
A Pintura nos Grandes Museus;Edições CelBrasil;;
A Pintura nos Grandes Museus;Edições CelBrasil;;
A Poesia e a Vida;Manuel Da Várzea;;
A Politica de informação no Regime Fascista;Presidência Conselho De Ministros;;
A Poltrona e Outras Novelas;Antonio Gedeão;;
A Política da Pornografia;Rousas Rushdoony;;
A Política de Genocídio Contra os Índios do Brasil;Associação De Ex Presos Antifascistas;;
A Política e as Palavras;Alvaro Mateus;;
A Primeira Guerra Mundial;Rui Cardoso;;
A Primeira Guerra Mundial  Volume 2;Martin Gilbert;;
A Primeira Guerra Mundial Volume 7;Martin Gilbert;;
A Promessa;Bernardo Santareno;;
A Queda de um Anjo;Camilo Castelo Branco;;
A Queda dos Gigantes;Ken Follett;;Editorial Presença
A Queda dos Incas;Franz Zedtwitz;;
A Rainha Descalça;Ildefonso Falcones;2013;
A Rainha do Ferro Velho;Garson Kanin;;
A Rainha e Eu;Sue Townsend;;
A rapariga que perdeu o coração;Margarida Rebelo Pinto;;
A Religiosa;Diderot;;
A Relíquia;Eça Queiroz;;
A Resistência Anarco Sindicalista à  Ditadura;Edgar Rodrigues;;
A Resistência em Portugal;José Dias Coelho;;
A Revoada;GABRIEL GARCIA MARQUEZ;;
A Revolta Americana contra o Império Britânico;Fascículos História, O Jornal;;
A Revolução da Maria da Fonte;Joaquim Palminha Silva;;
A Revolução Industrial da Idade Média;Jean Gimpel;;
A Revolução Portuguesa;Álvaro Cunhal;;
A Revolução Social e a sua Interpretação Anarquista;José Correia Pires;;
A Sangue Frio;Truman Capote;;
A Saude pela Natureza;Readers Digest;;
A Selva;Ferreira De Castro;;Cavalo de Ferro
A Sonata de Kreutzer;Leon Tolstoi;;
A Sul da Fronteira, A Oeste do Sol;Haruki Murakami;;Editora Casa das Letras
A Sétima Porta;Richard Zimler;2007;
A Taberna;Emílio Zola;;
A Teoria de Tudo - A Origem e o Destino do Universo (Portuguese Edition);HAWKING- STEPHEN;;EDITORA GRADIVA
A Terceira Vaga;Alvin Toffler;;
A Terra e o Cosmos;Isaac Asimov;;
A Testemunha do Holocausto;Grande Reportagem;;
A Trilogia de Nova Iorque;Paul Auster;;
A u?ltima conversa Agostinho da Silva;Agostinho da Silva;1995;Editorial Noti?cias
A Varanda do Frangipani;Mia Couto;;
A Verdade da Guerra;José Rodrigues dos Santos;01/01/2002;
A Verdade vem Depois;Rui Jorge;;
A Verdadeira Vida de Domingos Xavier;José Luandino Vieira;;
A Viagem das Almas;Michael Newton;;
A Vida é Sonho;Calderón De La Barca;;
A Vida é um Cogumelo Verde;Bruno Ferreira;2014;
A Virgem e o Cigano;Lawrence Durrell;;
A Visita do Papa;Alberto Pimenta;;
A Volta ao Mundo em 80 Dias;Júlio Verne;;
A Voz do Mar;Daniel Jorge Da Silva;;
ABC da Culinária;Etelvina Lopes Almeida;;
ABC do Anarquismo;Edgar Rodrigues;;
ABC do Marxismo Leninismo;Edições Avante;;
ABCedario do Islão;Público;;
Aborto O Crime está na Lei;Maria Antónia Fiadeiro;;
Abril Abril;Edições Avante;;
Acerca da Doutrina Militar para Portugal e as suas Forças Armadas;Vasco Gonçalves;;
Acusação e Defesa em Monsanto;Otelo Saraiva De Carvalho;;
Acuso;Emílio Zola;;
Acção Directa;Acção Directa;;
Acção Directa;Anarca;;
Acção Revolucionária, Capitulação e Aventura;Álvaro Cunhal;;
Adezino N°0;O Defeito Do Cromossoma;;
Adivinhas;Editora Ausência;;
Adopta-me;Maria João Lopo De Carvalho;;
Afinal o que sabemos nós?;William Arntz, Betsy Chasse, Mark Vicente;;
Afirma Pereira;Antonio Tabucchi;;
Agenda Anarquista   1990;Atneu Libertário;;
Agonia da Noite;Jorge Amado;;
Agostinho Neto, Sagrada Esperança;Sá Da Costa;;
Agricultura Biológica;Francisco Indrio;;
Ai, Jesus;Sam;;
Ainda o Meu Sonho;Agostinho Neto;;
Albert Camus;Jean Claude Brisville;;
Albino Moura;Atelier Galeria;;
Aldeia Nova;Manuel Da Fonseca;;
Alexandra Alpha;Jose? Cardoso Pires;;
Alfabeto Hebraico;Grafias E Alfabetos;;
Alfabeto Japonês;Grafias E Alfabetos;;
Alfabeto Árabe;Grafias E Alfabetos;;
Alguns Eventos;Júlio Pomar;;
Alguém Como Tu;Cathy Kelly;01/01/2000;
Aljubarrota  1383-1389;Luis Miguel Duarte;;
Almada  Antiga e Moderna Volume I;Câmara Municipal De Almada;;
Almada Antiga e Moderna Volume II;Câmara Municipal De Almada;;
Alvorada em Abril;Otelo Saraiva De Carvalho;;
Amadora Cidade;Fernando Lobo;;
Ambas as Mãos Sobre o Corpo;Maria Teresa Horta;;
Amor do Soldado;Jorge Amado;;
Amor Em Tempos De Guerra, Um;Julio Magalhães;;Imprint unknown
Ana Karenina;Leon Tolstoi;;
Andam Faunos pelos Bosques III;Aquilino Ribeiro;;
André Malraux;Vergílio Ferreira;;
Angola a Guerra e o Crime;Valdemiro De Sousa;;
Angústia;Stephen King;;
Antero de Quental;João Gaspar Simões;;
Antologia da Poesia Catalã;VARIOS AUTORES;;
Antologia Poética;Miguel Torga;;
Antonio dos Olhos Tristes;Eduardo Olimpio;;
Antígona Ájax ..... Rei Édipo;Sófocles;;
Antítese;Centro De Cultura Libertário;;
Antítese;Centro De Cultura Libertário;;
Antítese Agosto 1989;Centro De Cultura Libertário;;
Antítese Dezembro 1984;Centro De Cultura Libertário;;
Antítese Dezembro 1986;Centro De Cultura Libertário;;
Antítese Março 1985;Centro De Cultura Libertário;;
Anunciação e Natal na na Poesia Portuguesa;Antonio Salvado;;
Análise e Redacção;Alpheu Tersariol;;Editora Lisa
Anúncio;Alves Redol;;
Aos Olhos de Deus;Jose Manuel Saraiva;;
Apogeu e Queda de Bernardo Malaquias, Ministro Libertino;Cáceres Monteiro;;
Apolónio de Tiana - O Taumaturgo Contemporâneo de Jesus;Eduardo Amarante;01/02/2009;
Aquilino Ribeiro;Fundação Calouste Gulbenkian;;
Arafat;Margarida Santos Lopes;;
Arrancados da Terra;Lira Neto;28/07/2021;OBJECTIVA
Arroz;VARIOS AUTORES;;
Arte Portuguesa Hoje;Sociedade Biblica;;
Artes Plásticas;Jorge Botelho Moniz;;
As 21 Noites & os 12 Valiums;Ramiro S. Osório;;
As Aventuras de Ngunga;Pepetela;;
As Borboletas na Gaiola;Luis Filipe Costa;;
As Castigadas;Joaquim Lagoeiro;;
As Cavalitas do Tempo;Eduardo Olimpio;;
As Cinquenta Sombras de Grey;E L James;;Lua De Papel
As Cruzadas Vistas pelos Árabes;Amin Maalouf;;
As Docas do Outro Lado do Espelho;Discórdia;;
As Mais Belas Igrejas de Portugal;Edições Verbo;;
As Mais Belas Vilas e Aldeias de Portugal;Edições Verbo;;
As Minas de Salomão;Eça Queiroz;;
As Minas de Salomão;Eça Queiroz;;
As Mulheres;Pierre Daco;;
As Mulheres Portuguesas e o 25 de Abril;Beatrice D'Arthuys;;
As Muralhas de Israel;Jean Lartéguy;;
As Mãos de Abraão Zacut;Luis De Sttau Monteiro;;
As Nossas Mãos Constroem a Liberdade;Eugénia Neto;;
As Opiniões que o DL teve;José Saramago;;
As Origens da Arte Ocidental;Dr. Donald E. Strong, Giuseppe Bovini, David Talbot Rice, Peter Lasko, G. Zarnecki, George Henderson;;Editora Grolier
As Palavras;Jean Paul Sartre;;
As Palavras dos Outros;Baptista Bastos;;
As Pequenas Memorias;José Saramago;;Caminho
As Pirâmides do Egipto;Aidan Dodson;;
As Pombas são Vermelhas;Urbano Tavares Rodrigues;;
As Pontes de Madison County;Robert James Waller;13/04/1992;
As Portas que Abril Abriu;Ary Dos Santos;;
As Sandálias do Pescador;Morris West;;
As Setes Partidas do Mundo;Fernando Namora;;
As Viagens de Gulliver;Jonathan Swift;;
As Vias de Passagem ao Socialismo;A. Butenko;;
As Vinhas da Ira;John Steinbeck;;
Assim foi Temperado o Aço;Nikolai Ostrovski;;
Assim Morreu Che Guevara;Grande Reportagem;;
Atlas das Civilizações Antigas;Peter Chrisp;;
Até Amanhã Camaradas;Manuel Tiago;;
Até Amanhã Camaradas;Manuel Tiago;;
Até que as pedras se tornem mais leves que a água;António Lobo Antunes;01/11/2017;Publicacoes Dom Quixote
Auto da Feira;Gil Vicente;;
Auto da Mofina Mendes e Dialogo Infantil;Gil Vicente;;
Auto dos Danados;ANTONIO LOBO ANTUNES;;
Aventura Maravilhosa de D. Sebastião VII;Aquilino Ribeiro;;
Avieiros;Alves Redol;;
Aviso por Causa da Moral;Álvaro De Campos;;
Avós Modernos;Fernande Isambert;;
Bacalhau;VARIOS AUTORES;;
Bach  Uma Vida;Davitt Moroney;;
Balada da Praia dos Cães;Jose? Cardoso Pires;;
Balada da Praia dos Cães;Jose? Cardoso Pires;;
Balada de amor ao vento;Paulina Chiziane;2003;Editorial Caminho
Balbúrdia na Cidade;Tom Sharpe;;
Ballet Gulbenkian 1985/1986;Fundação Calouste Gulbenkian;;
Balzac A Comédia Humana;Jaime Brasil;;
Banco;Henri Charriere;;
Barcelona;Mapa Turístico;;
Barranco de Cegos;Alves Redol;;
Bartolomeu Lourenço de Gusmão;Grandes Portugueses;;
Bastardos do Sol;Urbano Tavares Rodrigues;;
Baudolino;Umberto Eco;;Harcourt
Beber, Jogar, F*der;Andrew Gottlieb;01/01/2009;
Bem Falar e Bem Escrever;Readers Digest;;
Bem Haja;VARIOS AUTORES;;
Biafra A Guerra Secreta de Portugal;Grande Reportagem;;
Bica Escaldada;Alice Vieira;;
Bichos;Miguel Torga;;
Billy Budd;Herman Melville;;
Boitempo;Carlos Drummond De Andrade;;
Bom sono boa vida;Teresa Paiva;;
Botero;O Público;;
Botero em Lisboa;CML;;
Botero em Lisboa;Câmara Municipal De Lisboa;;
Breve Historia do Futuro;Jacques Attali;;DOM QUIXOTE
Breve História de Quase Tudo;Bill Bryson;06/05/2003;
Breviário de Khomeini;Khomeini;;
Broche Suburbano;Fanzine Poético;;
Budapest;Mapa Turístico;;
Budismo;Houston Smith;;
Busca;José Fanha;;
Caatinga e Terra Caida;Vitorino Nemésio;;
Cabo Verde Contra toda a Esperança;Grande Reportagem;;
Cacau;Jorge Amado;;
Cada Homem é uma Raça;Mia Couto;;
Cadernos Biográficos;Agostinho da Silva;;
Cadernos de Lanzarote;José Saramago;;
Cadernos de Lanzarote;José Saramago;1998;Luso Brazilian Books
Cafuné;Mário Zambujal;;Clube do Autor
Caim;José Saramago;;
Camarate;Augusto Cid;;
Caminho como uma casa em chamas;António Lobo Antunes;2014;Leya
Caminhos de Invasão;Cte. J. Moreira Campos;;
Caminhos Errados VII;Aquilino Ribeiro;;
Campo de Concentração;Movimento Anarquista;;
Cantar de Novo;José Afonso;;
Canto Geral;Pablo Neruda;;
Cantos de Revolução;José Jorge Letria;;
Capelas das Almas;Alexandrino Brochado;;
Capitães da Areia;Jorge Amado;;
Capitão de Abril;Salgueiro Maia;;
Caracteres Chineses;Grafias E Alfabetos;;
Carmen;Georges Bizet;;
Carta Vária;Agostinho da Silva;;
Cartas da Prisão;José Magro;;
Cartas de Amor;Fernando Pessoa;;
Casa de Correcção;Urbano Tavares Rodrigues;;
Casa do Escorpião IX;Aquilino Ribeiro;;
Casas Pardas;Maria Velho Da Costa;;
Casório?!;Marian Keyes;;Bertrand
Catrina;Glória Marreiros;;
Catálogo de Postais Posters e Diapositivos;Bibloteca Nacional;;
Catálogo dos Livros;Domingos Mourato;;
Cavalgada Cinzenta;Fernando Namora;;
Caxias;Orlando Gonçalves;;
Caçador de Espiões;Peter Wright;;
Caçadores da Lua Vermelha;Marion Zimmer Bradley;;
Cebola;VARIOS AUTORES;;
Cem Anos de Solidão;GABRIEL GARCIA MARQUEZ;;
Cem Mil Anos de Vida Quotidiana;Bertrand Editora;;
Cem Obras Primas da Pintura Europeia;Livros RTP;;
Cem Poemas de Sophia;Sophia De Mello Breyner Andresen;;
Chave de Entendimento para uma Sinfonia Perdida;Patrícia Reis;;
Che;Manuel Alegre;;
Che Guevara;Ricardo Costa;;
Chegar Novo a Velho - Receitas;Manuel Pinto Coelho;;
Chile   Livro Negro;Edições Liber;;
Cinco Reis de Gente XIII;Aquilino Ribeiro;;
Cinco Semanas em Balão;Júlio Verne;;
Citações de Américo Tomaz;Abilio Belo Marques;;
Citações de Vasco Gonçalves;Serafim Ferreira;;
Citações e Pensamentos de Agostinho da Silva;Agostinho da Silva;11/2009;
Citações e Pensamentos de Florbela Espanca;Paulo Neves da Silva e Florbela Espanca;;Casa das Letras
Cobra;Herberto Hélder;;
Cocktails & Shots;VARIOS AUTORES;;
Colectânea;Poetas Do Barreiro;;
Como Apreciar a Arte;Bernard Myers;;Editora Grolier
Como Dei com o Meu Psiquiatra em Louco;Isabel Stilwell;01/01/2000;
Como Fazer Tudo;Readers Digest;;
Como Seduzir as Mulheres;Eric Weber, Molly Cochran;;
Compasso de Tempo;Humberto Delgado;;
Comunidades e Cooperativas;Revista A Ideia, Amigos Da Terra;;
Conduz o Teu Arado sobre os Ossos dos Mortos;Olga Tokarczuk;;Cavalo de Ferro
Confesso que Vivi;Pablo Neruda;;
Conhecimento do inferno;ANTONIO LOBO ANTUNES;;DOM QUIXOTE
Constantino Guardador de Vacas e Sonhos;Alves Redol;;
Constituição da República Portuguesa  1976;Impresa Nacional Casa Da Moeda;;
Constituição da República Portuguesa 1989;Edições Sílabo;;
Constituição de uma Cooperativa;Fotocópia;;
Constituição Política da República Portuguesa;Impresa Nacional Casa Da Moeda;;
Consumo Ecológico;Deco Pro Teste;;
Conta as tuas Bênçãos;Sheryl Ellis;;
Contos;José Luís Peixoto;;
Contos;O. Henry;;
Contos a Moda do Porto;Miguel Miranda;;
Contos Almadenses;Fernando De Jesus Filipe;;
Contos Bárbaros;João De Araújo Correia;;
Contos da Montanha;Miguel Torga;;
Contos de Natal;Charles Dickens;;
Contos do Gin Tonic;Mário Henrique Leiria;;
Contos e Novelas;José Almada Negreiros;;
Contos Exemplares;Sophia De Mello Breyner Andresen;;
Contos para Adultos;H. Christian Andersen;;
Contos Policiais;Fernando Pessoa;;
Contos Populares Brasileiros;Lindolfo Gomes;;
Contos Populares Chineses;VARIOS AUTORES;;
Conversa na Catedral;Mario Vargas Llosa;;
Cooltura;Anarca;;
Cooltura   94;N Um;;
Coração Acordeão;Alexandre O' Neill;;
Corações Doloridos;Jorge Ohnet;;
Coreia do Norte.... O Alvo mais Forte;Grande Reportagem;;
Corezine;A;;
Cortes;Almeida Faria;;
Corão;Allah;;
Cosmos;Carl Sagan;;
Cozinha dos Ganhoes;VARIOS AUTORES;;
Cozinha Tradicional Portuguesa;Maria De Lourdes Modesto;;
Cozinhar no Microondas;VARIOS AUTORES;;
Cravo;Maria Velho Da Costa;;
Crime e Castigo   Volume 2;Fedor Dostoiévski;;
Crime e Castigo  Volume 1;Fedor Dostoiévski;;
Cristianismo;Huston Smith;;
Cristãos Novos e Cristãos Velhos em Portugal;A. N. Ribeiro Sanches;;
Cro?nica da casa ardida;Anto?nio Manuel Pires Cabral;1992;Editorial Noti?cias
Cruzadexas;Sem Autor;;
Crónica de uma morte anunciada;GABRIEL GARCIA MARQUEZ;;Publicacoes Dom Quixote
Crónica dos Bons Malandros;Mário Zambujal;;
Crónica Familiar;Vasco Pratolini;;
Cuba e o Bloqueio Norte-Americano;VARIOS AUTORES;;
Cultura;Dietrich Schwanitz;;
Cultura Educação Popular;Educação Popular;;
Cyber Sexo;Alicia Callotti;;
Cão como Nós;Manuel Alegre;01/01/2002;Publicacoes Dom Quixote
Cão Velho entre Flores;Baptista Bastos;;
Código Cooperativo;Instituto Antonio Sérgio;;
Código Cooperativo;Fotocópia;;
D. Afonso Henriques - Biografia;Diogo Freitas do Amaral;;Bertrand Editora
D. Camilo e o seu pequeno mundo;Giovanni Guareschi;;
D. Dinis    Cancioneiro;Vasco Graça Moura;;
D. João I;João Fernando Ramos;2013;A Esfera dos Livros
D. Miguel I;Grandes Portugueses;;
D. Quixote de La Mancha;Miguel De Cervantes;;
Da Natureza Dos Deuses;ANTONIO LOBO ANTUNES;01/10/2015;Publicacoes Dom Quixote
Da Resistência à Libertação;Sérgio Guimarães;;
Daisy Miller;Henry James;;
Dali;Robert Descharnes, Gilles Néret;;
De Amor e de Sombra;Isabel Allende;;
De profundis, valsa lenta;Jose? Cardoso Pires;;Brand: Publicacoes Dom Quixote
Decameron;Boccacio;;
Dei-te o Melhor de Mim;Nicholas Sparks;;Editorial Presenca
Depois da Tempestade;Condessa De Segur;;
Deriva;Urbano Tavares Rodrigues;;
Descubra a Cabra Secreta que há em Si;Elizabeth Hilts;;
Deseja-se Mulher;José Almada Negreiros;;
Desenhos de Almada;José Almada Negreiros;;
Devaneios Poéticos;Balófilo;;
Dezassete Instantes de uma Primavera;Iulian Semionov;;
Dias de Paixão;Sarah Pekkanen;01/01/2013;
Dias Felizes com Jamie Oliver;Jamie Oliver;;Livraria Civilização Editora
Dicionário da Mitologia Grega e Romana;Pierre Grimal;;
Dicionário de Sinónimos e Antónimos;Alpheu Tersariol;;Editora Lisa
Dicionário Enciclopédico KOOGAN LAROUSE   1 a 3 Volumes;Readers Digest;;
Dicionário Houaiss  Volume 1;Instituto Antonio Houaiss;;
Dicionário Mais da Ideia as Palavras;Readers Digest;;
Discoteca Ideal;Musica Clássica;;
Discoteca Ideal Música Clássica;Editora FNAC;;
Discursos;Vasco Gonçalves;;
Discursos de Fidel Castro;Documentos Prelo;;
Diário;Mario Sacramento;;
Diário da tua ausência;Margarida Rebelo Pinto;2006;
Diário de um Gajo Divorciado em Tempos de Crise;Antonio Costa Santos;;
Diário de uma Revolução;Orlando Neves;;
Diário XVI;Miguel Torga;;
Do Amor Admirável e da Vida Sórdida;Edição Lusco Fusco;;
Do Anarquismo;Nicolas Walter;;
Do Interior da Revolução;Vasco Lourenço;;
Doces Conventuais;VARIOS AUTORES;;
Documentos Fotográficos da Segunda Guerra Mundial;Readers Digest;;
Doidinho;José Lins Do Rego;;
Dom Casmurro;Machado De Assis;;
Dom Francisco de Almeida;Grandes Portugueses;;
Dom Gualdim Pais;Grandes Portugueses;;
Dom João de Castro;Grandes Portugueses;;
Domingo à Tarde;Fernando Namora;;
Dores;Maria Teresa Horta;;
Dos Presos Políticos Brasileiros;Edições Maria Da Fonte;;
Dossier PIDE;Repórter Sombra;;
Duas Cidades;Eugénio De Andrade;;
E Agora, José?;Jose? Cardoso Pires;;
E Agora, Zé Ninguém?;Hans Fallada;;Editora Dom Quixote
E Tudo o Vento Levou Volume 1;Margaret Mitchell;;
E Tudo o Vento Levou Volume 2;Margaret Mitchell;;
El Bucle Melancólico;Jon Juaristi;;
Eleições 75    O Programa do MFA e dos Partidos Políticos;Edições Acropole;;
Elementos para a Compreensão do 25 de Novembro;Duran Clemente;;
Ella Fitzgerald;Editions Nocturne;;
Eléctricos em S. Francisco;Eduardo Alarcão;;
Em Busca da Arca da Aliança;Graham Hancock;;
Emigrantes;Ferreira De Castro;;
Emílio Costa e o Sindicalismo;Antonio Ventura;;
Enciclopédia Diário de Notícias;Diário De Noticias;;
Enciclopédia Diário de Notícias;Diário De Noticias;;
Eneida;Virgilio;;
Energia Nuclear;Stephen Croall, Kaianders Sempler;;
Engrenagem;Soeiro Pereira Gomes;;
Ensaio Interpretativo e Crítico;Carlos Teiga;;
Ensaios;José Almada Negreiros;;
Ensaios Literários;VARIOS AUTORES;;
Entre o Céu e a Montanha;Will North;;
Entrevista com Luis Pacheco;Revista Ler;;
Ernest Hemingway;Prefácio, Miguel Sousa Tavares;;
Ernest Hemingway;Stewart Sanderson;;
Ernest Hemingway;Hans Peter Rondenberg;;
Erros Meus...Má Fortuna...Amor Ardente;Natália Correia;;
Escrita Maia;Grafias E Alfabetos;;
Escritos 1927-1930;Bento Gonçalves;;
Escultura e Tempo;João Fragoso;;
Escuta Zé Ninguém;Wilhelm Reich;;
Escutismo Católico;Nuno Ferrão;;
Espaço Livre;Anarca;;
Espontaneidade e Organização;Murray Bookchin;;
Esta Noite a Liberdade;Dominique Lapierre;;
Estamos no Vento;Fernando Namora;;
Estatuto Fiscal Cooperativo;Fotocópia;;
Este Livro que vos Deixo;Antonio Aleixo;;
Este País não é para Velhos;Cormac McCarthy;;
Este é o Canto;Eugénia Neto;;
Esteiros;Soeiro Pereira Gomes;;
Esteiros;Soeiro Pereira Gomes;;
Estórias Antigas;Aristides Van Dúnem;;
Estórias Antigas;Aristides Van Dúnem;;
Eu Cláudio;Robert Graves;;
Eu Hei-de Amar uma Pedra;António Lobo Antunes;;Dom Quixote
Eu, Simone, me Confesso;Rita Olivaes;;
Eureka;Teatro De Almada;;
Eva Luna;Isabel Allende;1987;
Evangelho Segundo Jesus Cristo;Jose? Saramago;;Caminho
Evangelho Segundo Jesus Cristo : Romance;Jose? Saramago;;Caminho
Evangelho Segundo São Marcos;São Marcos;;
Exercita a tua Mente;Público;;
Exercícios de Revisão Gramatical;Alpheu Tersariol;;Editora Lisa
Explicação dos Pássaros;ANTONIO LOBO ANTUNES;;
Exposição de Fotografia Pin Hole;Hong Meng;;
Fado Alexandrino;ANTONIO LOBO ANTUNES;;
Falcão Trigoso;Sociedade Nacional Belas Artes;;
Fanga;Alves Redol;;
Fantásticos;Elizabeth Bowen, William W. Jacobs, Walter Scott;;
Fedro;Platão;;
Felizmente Há Luar;Luis De Sttau Monteiro;;
Fernão Lopes;Grandes Portugueses;;
Fica Comigo esta Noite;Inês Pedrosa;;
Filhos da Estrada e do Vento;João Pavão Serra;;
Flor de Mel;Alice Vieira;;
Fondues & Grelhados;VARIOS AUTORES;;
Fora de Horas;Paulo Castilho;;
Foto-Grafias;Ary Dos Santos, Nuno Calvet;;
Frango;VARIOS AUTORES;;
França e Bélgica   Volume 1;Victor Hugo;;
França e Bélgica Volume 2;Victor Hugo;;
Frases Célebres de Pessoas Célebres;Readers Digest;;
Freguesia da Graça;Maria Calado, Vitor Matias Ferreira;;
Friedrich Engels;Evguénia Stepánove;;
Fronteiras do Desconhecido;Readers Digest;;
Furia Divina;Jose Rodrigues Santos;;Imprint unknown
Fábulas de La Fontaine;La Fontaine;;
Fácil Viagem a outros Planetas;Prabhupada;;
Gabriel García Márquez - Uma Vida;GERALD MARTIN;;Dom Quixote
Gabriela Cravo e Canela;Jorge Amado;;
Gabriela, Cravo e Canela;Jorge Amado;;
Gaibeus;Alves Redol;;
Garantias de uma Revolução Democrática;Ministério Da Comunicação Social;1974;
Gaspar e Mariana;Maria Teresa Maia Gonzalez;;
Gaveta de Nuvens;José Gomes Ferreira;;
Gazeta de Lisboa 1755;José Pedro Ferrás Gramoza;;
Gemas do Mundo;Walter Schumann;;
Germinal;Emílio Zola;;
Gil Vicente;Grandes Portugueses;;
Gra Bretanha;Guia American Express;;
Gramática Histórica Fonética Descritiva e Ortografia;Alpheu Tersariol;;Editora Lisa
Granada;Editora Everest;;
Grande Guerra 1914-1918;Aniceto Afonso;;
Grandes Entrevistas   1865-1899;Expresso;;
Grandes Entrevistas  1991-2006;Expresso;;
Grandes Entrevistas 1865-1899;Expresso;;
Grandes Entrevistas 1900-1930;Expresso;;
Grandes Fotos do Século;Visão;;
Grandes Vidas Grandes Obras;VARIOS AUTORES;;
Gratinados;VARIOS AUTORES;;
Graças e Desgraças da Corte de El- Rei Tadinho;Alice Vieira;;
Grito;Rui Nunes;;
Grito no Outono;Romeu Correia;;
Guerra e Paz;Leon Tolstoi;;
Guerra Peninsular   1801-1814;Antonio Pedro Vicente;;
Gugui, o dragão azul;Margarida Rebelo Pinto;;Oficina do Livro
Guia da Sabedoria do Lar;Jon Vara;;
Guia de Lisboa;Guia American Express;;
Guia Prático das Eleições;Ministério Administração Interna;;
Guilherme de Castilho;Antonio Nobre;;
Gungunhana;Ungulani Ba Ka Khosa;;Porto Editora
Hans da Islândia;Victor Hugo;;
Helena Vaz da Silva com Júlio Pomar;Edições António Ramos;;
Herta Teresinha Joan;Agostinho da Silva;;
Hieróglifos;Grafias E Alfabetos;;
Historia de um Verdadeiro Homem;Boris Polevoi;;
Historia Do Cerco De Lisboa;Jose Saramago;;Editorial Caminho
Historias;Camilo Castelo Branco;;
Historias Afluentes;Alves Redol;;
Historias com Juízo;Mário Castrim;;
Historias Tradicionais Portuguesas   Bela Silva;Alice Vieira;;
Historias Tradicionais Portuguesas Danuta Wojciechowska;Alice Vieira;;
História 3° 4° 5° Ano;Ferreira Torres;;
História Concisa de Portugal;José Hermano Saraiva;;
História Contemporânea de Portugal  1 a 5 Volumes;João Medina;;
História da Igreja Católica;Pierre Pierrard;;
História da Literatura Portuguesa;Antonio José Saraiva, Óscar Lopes;;
História da Literatura Portuguesa;António José Saraiva, Óscar Lopes;;
História de Portugal  1 a 6 Volumes;José Hermano Saraiva;;
História de Portugal 1;Rui Ramos;;
História de Portugal 2;Rui Ramos;;
História de Portugal Volume 1;Oliveira Marques;;
História de Portugal Volume 2;Oliveira Marques;;
História de uma Revolução;Fernão Lopes;;
História do Século XX;Martin Gilbert;;
História dos Descobrimentos Portugueses;Damião Peres;;
História Geral e Pátria  Volume 1;A. Mattoso, A. Henriques;;
História Geral e Pátria Volume 2;A. Mattoso, A. Henriques;;
História Universal 1;Público;;
Histórias do Fim da Rua;Mário Zambujal;;
Homenagem a Catalunha;George Orwell;;
Homilias;Bispo De Nampula;;
Homo Deus - História Breve do Amanhã (10ª Edição);Yuval Noah Harari;;Elsinore
Hospital das Letras;D. Francisco Manuel De Melo;;
Humboldt;VARIOS AUTORES;;
Humboldt    3;Editora Übersee;;
Humboldt   2;Editora Übersee;;
Humildade Gloriosa  XV;Aquilino Ribeiro;;
Humilhados e Ofendidos;Fiódor Dostoiévski, Editorial Presença;;Editorial Presença
Há Candeias no Firmamento;Pedro Valdoi;;
Há Sempre Uma Primeira Vez;Margarida Rebelo Pinto;;Clube do Autor
Húmus;Raul Brandão;;
I'm In Love With a Pop Star;Margarida Rebelo Pinto;2003;
Imagens que Fizeram História;Expresso;;
Impressionistas e Pós-Impressionistas;Alan Bowness;;Editora Grolier
Império;Gore Vidal;;
Indiana;George Sand;;
Infante D. Henrique;Edições SNI;;
Ingmar Bergman;Jacques Siclier;;
Instalação;Gabriel Rui Silva;;
Instalação Romance;Gabriel Rui Silva;;
Intifada;VARIOS AUTORES;;
Inventário do Património Cultural Construído;José Gomes Alvarez;;
Inéditos;Antonio Aleixo;;
Inês de Portugal;João Aguiar;;
Inês de Portugal;João Aguiar;;
Ir Prò Maneta - A Revolta Contra os Franceses (1808);Vasco Pulido Valente;;Alêtheia Editores
Islamismo;Houston Smith;;
Isto Acaba Aqui;Colleen Hoover;;Topseller
Isto Começa Aqui;Colleen Hoover;;Topseller
Ivanhoe;Walter Scott;;
Jangada;Rui Jorge;;
Jean Paul Sartre - Vida Pensamento e Obra;Jean Paul Sartre;;
Jerusalém;Mia Couto;;
Joana D'Arc;VARIOS AUTORES;;
Joaninha;Joaninha;;
José Afonso José Viale;Moutinho;;
José Afonso O Rosto da Utopia;José A. Salvador;;
José Franco e a sua Aldeia Museu;Agostinho Correia Faustino;;
José Malhoa;Paulo Henriques;;
José Saramago;Expresso;;
José Saramago;Edição Sol;;
João Abel Manta;O Jornal;;
João Vencio, Os seus Amores;José Luandino Vieira;;
Jubiaba;Jorge Amado;;
Justiça Flor Arado;Sá Flores;;
Já não há Canções de Amor;Anouchka Grose;;Estrela Polar
Kafka à Beira-Mar;Haruki Murakami;;
Kapa;Edição K;;
Karingana Ua Karingana;José Craveirinha;;
Kenos;A;;
Kenos  Cadernos do Fantástico;A;;
Largos Dias têm 100 Anos;Jorge Nuno Pinto Da Costa;;
Legumes;VARIOS AUTORES;;
Lei do Poder Popular;Nito Alves;;
Lello Universal Volume 1;Editores Lello & Irmão;;
Lello Universal Volume 2;Editores Lello & Irmão;;
Ler;VARIOS AUTORES;;
Les Races Humaines;Henry Vallois;;
Levantado do Chão;José Saramago;;
Libelo Acusatório;Antonio Modesto Navarro;;
Liberdade e Outros Poemas Ortónimos;Fernando Pessoa;;
Lichtenstein;Janis Hendrickson;;
Lisboa;Editora Sofoto;;
Lisboa    Obra Feita;Câmara Municipal De Lisboa;;
Lisboa   Cidade Abril;VARIOS AUTORES;;
Lisboa Desaparecida;Marina Tavares Dias;;
Lisboa Desaparecida  Volume 4;Marina Tavares Dias;;
Lisboa e Costa de Lisboa;Guia Laranja;;
Lisboa e os Curiosos Fastos do seu Porto;Fonseca Mendes;;
Lisboa em Camisa;Gervásio Lobato;;
Lisboa Experience;Carlos Fogaça;;
Lisboa Guia Urbano;Fórum Portugal;;
Lisboa Livro de Bordo;Jose? Cardoso Pires;;
Lisboa Livro de Bordo;Jose? Cardoso Pires;;
Lisboa Livro de Bordo;Jose? Cardoso Pires;;
Lisboa Sem Terramoto;Edições Público;;
Lisboa Velha;Afonso Lopes Vieira, Roque Gameiro;;
Literatura Comentada;Carlos Drummond De Andrade;;
Lituma nos Andes;Mario Vargas Llosa;;
Livra te do Medo;José Afonso;;
Livro de Cronicas;António Lobo Antunes;;Publicações Dom Quixote
Livro do Ano 1975;Edições Alfa;;
Livros Condensados;VARIOS AUTORES;;
Londres;Lonely Planet;;
Londres;Editora Everest;;
Lord Jim;Joseph Gonrad;;
Loucura;Mário De Sá Carneiro;;
Luka e o fogo da Vida;Salman Rushdie;;
Lusitanos......Quem Somos?;Sociedade Portuguesa De Armas Antigas;;
Lusíadas;Domingos Mourato;;
Luta de Classes;Marta Harnecker, Gabriela Uribe;;
Luuanda;José Luandino Vieira;;
Lápides Partidas XI;Aquilino Ribeiro;;
Lírica;Luis De Camões;;
Macandumba;José Luandino Vieira;;
Madalena Ferat;Emílio Zola;;
Mahatma Gandhi;Henrique Monteiro;;
Maio 82;Edição Um De Outubro;;
Malinche;Laura Esquível;;Edições Asa
Mandingo;Kyle Onstott;;
Manual de Agricultura Biológica;AGROBIO;;
Manual de Dietética Natural _ Estômago e Intestino;VARIOS AUTORES;;
Manual de Pintura e Caligrafia;José Saramago;;
Manual de Tai Chi;Robert Parry;;
Manual do Guerrilheiro Urbano;Marighella;;
Manual do Vigia do Ar;Luis Tedeschi De Bettencourt, Armando Correia Mera;;
Manuscrito encontrado em Accra;Paulo Coelho;12/02/2013;Pergaminho
Mao Tse Tung;Hu Chi Hsi;;
Maoismo As Palavras de Ordem e a Prática;Vladimir Glebov;;
Mapa de Estradas para todas as Praias;Expresso;;
Mapa de Sevilla;Hotel Sevilla;;
Mar me Quer;Mia Couto;;
Mar Morto;Jorge Amado;;
Mar Morto;A;;
Maria Benigna  VI;Aquilino Ribeiro;;
Maria João Pires;Expresso;;
Maria Moisés;Camilo Castelo Branco, Livros RTP;;
Mariana, meu amor;Margarida Rebelo Pinto;;
Marrocos, Argélia e Tunísia;Hugh Finlay;;
Martin Luther King;Miguel Monjardino;;
Marx para Principiantes;Rius;;
Massa;VARIOS AUTORES;;
Massas Pães e Pizas;VARIOS AUTORES;;
Mataram a Cotovia;Harper Lee;;Relógio Dágua
Maus;Art Spiegelman;;
MDP Programa e Estatutos;MDP;;
Medicina Alternativa de A a Z;Carlos Nascimento Spethmann;;Natureza
Medicina Popular. Remedios Tradicionais Que Funcionam (Em Portuguese do Brasil);Neil Stevens;;Madras
Meia-Noite ou O Princípio do Mundo;Richard Zimler;01/07/2003;
Memoria De Elefante;ANTONIO LOBO ANTUNES;;Leya SA
Memorial de Aires;Machado De Assis, Livros RTP;;
Memorial Do Convento;Jose Saramago;;Editorial Caminho
Memorial do Convento;José Saramago;1982;
Memorias de um Assassino Romântico;Carlos Ademar;;
Memórias 1;Pedro Theotonio Pereira;;
Memórias 2;Pedro Theotonio Pereira;;
Memórias das Minhas Putas Tristes;GABRIEL GARCIA MARQUEZ;;
Memórias de Adriano;Marguerite Yourcenar;;
Memórias do Cárcere;Graciliano Ramos;;
Memórias Encontradas numa Banheira;Stanislaw Lem;;
Memórias Póstumas de Brás Cubas;Machado De Assis;;
Menina de Ouro;Chris Cleave;;Edições Asa
Mensagem;Fernando Pessoa;;
Mensagem de Deus;Al Sheha;;
Mensagem do Conselho de Presbíteros da Beira;Diocese De Braga;;
Mensagem para Todos;VARIOS AUTORES;;
Metamorfose;Franz Kafka;;
Metamorfose;Franz Kafka;;
Meu Reino por um Cavalo;Dias Gomes;;
Mexa-se pela sua saúde;J L Themudo Barata;;
Milagre 2012;R J Palacio;;Uma editora do grupo LeYa
Mimetismo e Camuflagem;Parque Florestal De Monsanto;;
Minha Querida Inês;Margarida Rebelo Pinto;;Clube do Autor (7 Novembro 2011)
Minutos de Sabedoria;C. Torres Pastorinho;;
Minutos de Sabedoria;C. Torres Pastorinho;;
Mirèia;Frederico Mistral;;
Missa do Galo;Machado De Assis;;
Mistérios de Lisboa;Camilo Castelo Branco;;
Miséria da Filosofia;Karl Marx;;
Moby Dick;Herman Melville;;
Moinhos e Azenhas de Portugal;Fernando Galhano;;
Momo;Michael Ende;;
Moral e Civismo;Noémia Mourato;;
Moral e Educação Cívica;Editora Livraria E. Progredir;1949;
Morfologia e Sintaxe;Alpheu Tersariol;;Editora Lisa
Morgado e Sanches;Público;;
Morrer em Madrid;Frédéric Rossif, Madeleine Chapsal;;
Morrer em Paz e Viver uma Vida Melhor;Dalai Lama XIV;;
Morreram pela Pátria;Mikail Cholokov;;
Mostra (0/95);Núcleo De Música;;
Movimento Perpétuos;Carlos Paredes;;
Mr. Noon;Lawrence Durrell;;
Mudança;Vergílio Ferreira;;
Muhammad;Al Sheha;;
Mulher;Eduardo Gageiro;;
Mulheres de Abril;Maria Teresa Horta;;
Mulheres Inesquecíveis do Séc XX;Abril ControJornal Edipresse;;
Mulheres Século XX;VARIOS AUTORES;;
Museu de Dresden;VARIOS AUTORES;;
Musgo e Líquenes;Parque Florestal De Monsanto;;
Mário Viegas;Cinemateca Portuguesa;;
Mário volta a atacar;Teatro S. Luis;;
México;Erico Veríssimo;;
Mónica IX;Aquilino Ribeiro;;
Músicos Invisíveis;Parque Das Nações;;
Nao Entres Tao Depressa Nessa Noite Escura;Antonio Lobo Antunes;01/01/2000;Publicacoes Dom Quixote
Nasce a Fundação Calouste Gulbenkian;Fernando Fernandes;;
Native American Wisdom;Edward S. Curtis;;
Navegador Solitário;José Jorge Letria;;
Neil Young;Johnny Rogan;;
Nelson Mandela - Uma lição de vida;Jack Lang;2004;
Nervos e Cérebro;Edições Paulistas;;
New York;Bill Harris;;
No Antigamente, Na Vida;José Luandino Vieira;;
No Regresso Vinham Todos;Vasco Lourenço;;
No teu Deserto;Miguel Sousa Tavares;;
No Teu Olhar;Nicholas Sparks;;Edições Asa
Nome de Flor;Mário Castrim;;
Norte Sul  A Granada Descavilhada;Louis Emmerij;;
Nossa Senhora das Flores;Jean Genet;;
Nosso Lenine;Boris Polevoi;;
Notas Contemporâneas;Eça Queiroz;;
Noticias do Milénio;Diário De Noticias;;
Nova Iorque;Lonely Planet;;
Novas Cartas Portuguesas;Maria Isabel Barreno, Maria Teresa Horta, Maria Velho Da Costa;;
Noventa e Três I;Victor Hugo;;
Noventa e Três II;Victor Hugo;;
Novo Testamento;Salmos Provérbios;;
Novo Testamento com Salmos;Sociedade Biblica;;
Novos Contos do Gin;Mário Henrique Leiria;;
Nude Photography;Simone K. Schleifer;;Endeavour
Nus;D`André De Dienes;;
Náusea/ O Artista;Agostinho Neto;;
Não há Longe nem Distância;Richard Bach;;
Não se Fez Justiça;Xencora Camotim;;
Não Te F*das Sai da tua cabeça e faz-te à vida (Portuguese Edition);Gary John Bishop;;Lua De Papel
Nú entre Lobos;Bruno Apitz;;
O 18 de Janeiro de 1934;VARIOS AUTORES;;
O Abade Constantino;L. Halevy;;
O Aborto;Álvaro Cunhal;;
O Absurdo da Política;Paraf Javal, Albert Libertad;;
O Abutre 1;Colecção BêDê;;
O Abutre 2;Colecção BêDê;;
O Abutre 4;Colecção BêDê;;
O Afrika Korps;Erwan Bergot;;
O Alcorão;Michael Cook;;
O Alentejo não tem Sombra;Eugénio De Andrade;;
O Amigo das Tempestades;Antunes Silva;;
O Amigo Fritz;Erckmann Chatrian;;
O Amor à Parisiense;Clement Vautel;;
O Amor é Outra Coisa;Margarida Rebelo Pinto;;
O Amor é uma Ponte;Charles Bracelen Flood;;
O Anjo Ancorado;Jose? Cardoso Pires;;
O Ano de 1993;José Saramago;;
O Aparo do Demónio;Alberto Serra;;
O Apicultor;Maxence Fermine;2000;
O Arcanjo Negro XII;Aquilino Ribeiro;;
O Arranca Corações;Boris Vian;01/1953;
O Aviador;Ernest K. Gann;;
O Balio de Leça;Arnaldo Gama;;
O Banqueiro Anarquista;Fernando Pessoa;;
O Bom Combate;Luther King;;
O Burro em Pé;Jose? Cardoso Pires;;
O Caderno de Maya;Isabel Allende;;Porto Editora
O Cais das Merendas;Lídia Jorge;;
O Carteirista que Fugiu a Tempo;Francisco Moita Flores;;
O Carteiro de Pablo Neruda;Antonio Skarmeta;;
O Caso República;Francisco S. Costa, António P. Rodrigues;;
O Cavaleiro da Dinamarca;Sophia De Mello Breyner Andresen;;
O Cavaleiro da Esperança;Jorge Amado;;
O Cavalo do Lenço Amarelo é Perigoso;Mário Castrim;;
O Cavalo Espantado;Alves Redol;;
O Charme Discreto da Burguesia;VARIOS AUTORES;;
O Conde D'Abranhos e a Catástrofe;Eça Queiroz;;
O Conde de Monte Cristo I;Alexandre Dumas;;
O Conde de Monte Cristo II;Alexandre Dumas;;
O Contrato Social;Jean Jacques Rousseau;;
O Coração;Edições Paulistas;;
O Coração Não Envelhece;Marie Hennezel;;Casa das Letras
O Crime de Aldeia Velha;Bernardo Santareno;;
O Crime do Padre Amaro;Eça Queiroz;;
O Cristianismo;Linda Woodhead;;
O Cônsul Desobediente;Sónia Louro;;Saída de Emergência
O Delfim;Jose? Cardoso Pires;;
O Desafio Mundial;Jean Jacques, Servan Schreiber;;
O Desafio à Cultura;Lussato Messadié;;
O Detective Siberiano;Vil Lipátov;;
O Deus das Pequenas Coisas;Arundhati Roy;;
O Dia dos Pródigos;Lídia Jorge;;
O Dia em que te Esqueci;Margarida Rebelo Pinto;;
O Diabo e o Bom Deus;Jean Paul Sartre;;
O Discurso sobre o Filho da Puta;Alberto Pimenta;;
O Diário de Anne Frank;Anne Frank;;
O Diário de Zlata;Zlata Filipovi?;;
O Diário Oculto de Nora Rute;Mário Zambujal;;Clube do Autor
O Dom Supremo;Paulo Coelho;1874;
O Doutor Jivago;Boris Pasternak;;
O Encoberto;Natália Correia;;
O Enigma E O Espelho;Jostein Gaarder;;Editorial Presenca
O Espelho de Orfeu;Stefano Valente;01/09/2008;
O Espólio do Senhor Cipriano;Júlio Dinis, Livros RTP;;
O essential sobre Almada Negreiros;José Augusto França;2003;Impresa nacional-Casa da Moeda
O Estado e a Segurança Social;Henrique Medina Carreira;;
O Estrangeiro;Albert Camus;;
O Evangelho de Jesus Cristo;S. Marcos;;
O Evangelho segundo Lázaro;Richard Zimler;;Porto Editora
O Evangelho Segundo São Lucas;São Lucas;;
O Fantasma de Canterville;Óscar Wilde;;
O Fantasma de Canterville e outros contos;Óscar Wilde;;
O Fantasma de Harlot;Norman Mailer;02/10/1991;
O Fantástico no Feminino;VARIOS AUTORES;;
O Fidalgo Aprendiz;D. Francisco Manuel De Melo;;
O Fim da Aventura;Graham Greene;1951;
O Fio da Navalha;Somerset Maugham;;
O Fogo e as Cinzas;Manuel Da Fonseca;;
O Futuro do Amor;Daphne Rose Kingma;;
O Físico Prodigiosa;Jorge De Sena;;
O Garanhão;Harold Robbins;;
O gato malhado e a andorinha Sinha;Jorge Amado;;Publicacoes Dom Quixote
O Grande Gatsby;F. Scott Fitzgerald;;
O Grande Livro dos Papas;Edições Quidnovi;;
O Grito Silenciado;Ana Tortajada;01/01/2002;
O Guarani;José De Alencar;;
O Guardadir de Rebanhos;Alberto Caeiro;;
O Holocausto Palestiniano;OLP;;
O Homem do País Azul;Manuel Alegre;;
O homem que foi para Marte porque queria estar sozinho (HARPERCOLLINS PORTUGAL) (Portuguese Edition);David M. Barnett;;HarperCollins
O Homem que matou o Diabo  IV;Aquilino Ribeiro;;
O Idiota;Fedor Dostoiévski;;
O Jogador;Fedor Dostoiévski, Livros RTP;;
O Jogador;Fiódor Dostoiévski;;
O Jogo;Carlo Coccioli;;
O Judeu;Bernardo Santareno;;
O Judeu II;Camilo Castelo Branco;;
O Julgamento da Rede Bombista;Josué Da Silva;;
O Leopardo;Giuseppe Tomasi di Lampedusa;25/10/1958;
O Livro da Saúde;Readers Digest;;
O Livro de Mormon;Mormon;;
O Livro do Coração;Fernando Pádua;;
O Livro do Cão;Fernando Grade;;
O Livro dos Rios;José Luandino Vieira;;
O Livro Verde;Muammar Al Qathafi;;
O Macaco Nu;Desmond Morris;;
O Maior Amor do Mundo;Sere Halverson;;Porto Editora
O mais alto exemplo de heroísmo;Salvador Allende;;
O Malhadinhas / Mina de Diamantes   VIII;Aquilino Ribeiro;;
O Mandarim;Eça Queiroz;;
O Manual do Pai;Will Glennon;;
O manual dos inquisidores;ANTONIO LOBO ANTUNES;;Publicacoes Dom Quixote
O Manuscrito de Birkenau;José Rodrigues dos Santos;;Gradiva
O Meu Chapéu Cinzento;Olivier Rolin;;
O Meu Pé de Laranja Lima;José Mauro Vasconcelos;;
O Mistério da Beleza;Nuno Júdice;;
O Monte dos Vendavais;Emily Brontë;;
O Movimento Operário em Portugal;Campos Lima;;
O Mundo De Sofia;Jostein Gaarder;;Editorial Presenca
O Mundo dos Outros;José Gomes Ferreira;;
O Mundo sem Nós;Alan Weisman;;Estrela Polar
O Muro Branco;Alves Redol;;
O Mágico de Auschwitz;José Rodrigues dos Santos;;Gradiva
O Músico Cego;Vladimiro Korolenko;;
O Nome da Rosa;Umberto Eco;;
O Nome das Coisas;Zita Seabra;;
O Norte a Cantar a Reforma Agrária;Antonio Modesto Navarro;;
O Nosso Anjo da Guarda;Haziel;;
O Outono do Patriarca;GABRIEL GARCIA MARQUEZ;;
O Papalagui;Tuiavii;;
O Papalagui;Tuiavii;;
O Paraíso na Outra Esquina;Mario Vargas Llosa;;
O Paraíso Triste;Maria João Martins;;
O Partido com Paredes de Vidro;Álvaro Cunhal;;
O PCP e a Luta Sindical;Edições Avante;;
O Pequeno Livro da Etiqueta e Bom Senso;Maria João Saraiva De Menezes;;
O Perfume;Patrick Suskind;;EDITORIAL PRESENCA
O Pianista de Hotel;Rodrigo Guedes de Carvalho;02/10/2017;
O Planalto E a Estepe;Pepetela;;Publicacoes Dom Quixote
O Plano de Saúde das Crianças;Paulo Oom;;
O Plano Infinito;Isabel Allende;;
O Poeta não tem Fim;Vinicius De Moraes;;
O Porto e as Invasões Francesas   Volume III;Edições Público;;
O Porto e as Invasões Francesas Volume I;Edições Público;;
O Porto e as Invasões Francesas Volume II;Edições Público;;
O Porto e as Invasões Francesas Volume IV;Edições Público;;
O Portugal de Otelo;Jean Pierre Faye;;
O Povo em Armas;Abel Paz;;
O Povo em Armas   Volume I;Buenaventura Durruti;;
O Povo em Armas   Volume II;Buenaventura Durruti;;
O Primeiro Congresso do PCP;César Oliveira;;
O Primo Basílio;Eça Queiroz;;
O Principezinho;Antoine Saint-Exupéry;;
O Principezinho;Antoine Saint-Exupéry;;
O Processo de Damião de Goes na Inquisição;Raul Rego;;
O Prémio;Irving Wallace;;
O Príncipe com Orwlhas de Burro;José Régio;;
O Príncipe e o Pobre;Mark Twain;;
O Pão não cai do Céu;José Rodrigues dos Miguéis;;
O Pêndulo de Foucault;Umberto Eco;;
O que a Censura cortou 1° Parte;Expresso;;
O que a Censura cortou 2° Parte;Expresso;;
O que a Censura cortou 3° Parte;Expresso;;
O que é a Reforma Agrária;Blasco Hugo Fernandes;;
O Realismo, O Impressionismo;Editorial Salvat;;
O reino;Jose Manuel Marques;2014;Marcador
O Riso das Aves;José Fanha;;
O Sabor das Trevas;José Gomes Ferreira;;
O Salão Vermelho;August Strindberg;;E-primatur
O Sangue das Palavras;Ary Dos Santos;;
O Segredo da Cruz de Cristo;Bill Napier;02/02/2004;
O Segredo é Amar;Sebastião Da Gama;;
O Segredo é Amar;Sebastião Da Gama;;
O Senhor dos Anéis   II;J. R. R. Tolkien;;
O Senhor dos Anéis I;J. R. R. Tolkien;;
O Senhor dos Anéis III;J. R. R. Tolkien;;
O Senhor Embaixador;Erico Veríssimo;;
O Seringador;VARIOS AUTORES;;
O Siciliano;Mario Puzo;;
O Sindicalismo do Funcionalismo Público na I República;Beatriz Ruivo;;
O Sol e o Menino dos Pés Frios;Matilde Rosa Araújo;;
O Sonho da União Ibérica   1475-1479;Manuela Mendonça;;
O Sonho de um Homem Ridículo;Fedor Dostoiévski;;
O Sonho Strindberg;August Strindberg;;
O Sorriso Das Estrelas;Nicholas Sparks;;Editorial Presenca
O Sorriso Das Estrelas;Nicholas Sparks;;Editorial Presenca
O Suave Milagre e Outras Páginas;Eça Queiroz;;
O Terrorismo;Charles Townshend;;
O Tesouro das Índias;Grande Reportagem;;
O Triunfo dos Porcos;George Orwell;;
O Trotskismo;Leo Figueres;;
O ultimo cabalista de Lisboa;Richard Zimler;1996;Quetzal Editores
O Ultimo Regimento da Inquisição Portuguesa;Raul Rego;;
O Vagabundo das Mãos de Oiro;Romeu Correia;;
O Velho e o Mar;Ernest Hemingway;;
O velho Preto e a Medalha;Ferdinand Oyono;;
O vento e a lua;Rita Ferro;1992;Contexto
O Vermelho e o Preto;Stendhal;;
O Verão é o Tempo Grande;Maria Isabel César Anjo;;
O Vestido Cor de Fogo;José Régio;;
O Vestido Cor de Fogo;José Régio, Livros RTP;;
O Vigário;Rolf Hochhuth;;
O Vigário;Rolf Hochhuth;;
O Virgem Negra;Fernando Pessoa;;
O Zahir;Paulo Coelho;;
O Zahir;Paulo Coelho;;European Schoolbooks
O Último Moicano;J. Fenimore Cooper;;
O Último Papa;Luís Miguel Rocha;;Porto Editora
O Último Voo do Flamingo;Mia Couto;;
Obra Essencial de Fernando Pessoa;Alberto Caeiro;;
Obra Poética;Manuel Da Fonseca;;
Obra Poética Garcia Lorca;Federico García Lorca;;Relógio D''Água
Obras Completas;Soeiro Pereira Gomes;;
Obras Completas I;Federico García Lorca;;
Obras Completas II;Federico García Lorca;;
Obras Escolhidas;V. I. Lénine;;
Obras Escolhidas;Camilo Castelo Branco;;
Obras Primas do Conto Brasileiro;VARIOS AUTORES;;
Olhai os Lirios do Campo;Erico Veríssimo;;
Olho por Olho;José Fanha;;
Olhos de Água;Alves Redol;;
Olhos nos Olhos;Júlio Machado Vaz;;
Oliver Twist;Charles Dickens;;
Onde Reside o Amor;Margarida Rebelo Pinto;;
ONDE VIVI E PARA QUE VIVI;Henry David Thoreau;;Quasi
Ora Esguardae;Olga Gonçalves;;
Orar, Amar, Comer;Elizabeth Gilbert;;Bertrand, Livraria
Organização Política e Administrativa da Nação;A. Martins Afonso;;
Origens e Evolução do Movimento dos Capitães;Dinis De Almeida;;
Orpheu 1;Fernando Pessoa, Mário De Sá Carneiro;;
Orpheu 2;Fernando Pessoa, Mário De Sá Carneiro;;
Os 3 Dias do Diabo;Josué Da Silva;;
Os Armários Vazios;Maria Judite De Carvalho;;
Os Cadernos de Dom Rigoberto;Mario Vargas Llosa;;
Os Capitães Generais e os Capitães Políticos;Luis Ataide Banazol;;
Os Centuriões;Jean Lartéguy;;
Os Cinco Sentidos;Edições Paulistas;;
Os Clandestinos;Fernando Namora;;
Os Comunistas;Bento Gonçalves;;
Os Cus de Judas;ANTONIO LOBO ANTUNES;;
Os Dados estão Lançados;Jean Paul Sartre;;
Os Dias Cantados;José Jorge Letria;;
Os Dias Loucos do PREC;Adelino Gomes, José Pedro Castanheira;;
Os Discursos de Goebbles;Diário De Noticias;;
Os Filhos da Rua Arbart;Anatoli Ribakov;;
Os Grãos Capitães;Jorge De Sena;;
Os Haréns e os seus Mistério s;Paul Reader;;
Os Herdeiros da Lua de Joana;Maria Teresa Maia Gonzalez;;
Os Inconsolados;Kazuo Ishiguro;;Gradiva
Os Insaciáveis I;Harold Robbins;;
Os Insaciáveis II;Harold Robbins;;
Os Lusíadas para crianças;Luis De Camões;;
Os Maias;Eça Queiroz;;
Os Meninos de Ouro;Agustina Bessa Luís;;
Os Mil e Um Fantasmas;Alexandre Dumas;;
Os Milagres Acontecem Devagar;Margarida Rebelo Pinto;;
Os Miseráveis;Victor Hugo;;
Os Médicos Malditos;Christian Bernadac;;
Os Novos Cadernos do Major Thompson;Pierre Daninos;;
Os Nus e os Mortos;Norman Mailer;;
Os Pilares da Terra - Volume I;Ken Follett;;Editorial Presença
Os Pilares da Terra - Volume II;Ken Follett;;Editorial Presença
Os Poemas da Minha Vida;Urbano Tavares Rodrigues;;
Os Poemas da Minha Vida;Jorge Pinheiro;;
Os Presságios dos Sonhos;Eugénio Cardoso;;
Os Putos;Altino Do Tojal;;
Os Pássaros de Banguecoque;Manuel Vásquez Montalbán;;
Os Reinegros;Alves Redol;;
Os Sargentos na Revolta de 31 de Janeiro;VARIOS AUTORES;;
Os Sete Minutos;Irving Wallace;;
Os Templarios;Jesus Mestre Godes;;
Os Três Guinéus;Virginia Woolf;;
Os Velhos Marinheiros;Jorge Amado;;
Os versículos Satanicos;Salman Rushdie;;
Os Ásperos Tempos;Jorge Amado;;
Oscar Peterson;Gregory Elbaz;;
Osho;VARIOS AUTORES;;
Ossos e Músculos do Nosso Corpo;Edições Paulistas;;
Otelo O Povo é quem mais Ordena;Otelo Saraiva De Carvalho;;
Ou é tudo ou não vale nada;Pedro Chagas Freitas;2012;Chiado Editora
Outono;Ali Smith;20/10/2016;
Outrora e Outros Tempos;Olga Tokarczuk;1996;
Ouve a Canção do Vento & Flíper;Haruki Murakami;;
Ovos;VARIOS AUTORES;;
Paixão em Florença;W. Somerset Maugham;1941;
Palavras Cínicas;Albino Forjaz De Sampaio;;
Palomar;Italo Calvino;;
Papisa Joana;Lawrence Durrell;;
Papá Goriot;Honoré Balzac;;
Para Acabar de Vez com a Cultura;Woody Allen;;
Para Além das Lágrimas;Michael Farrell;;
Para os Animais, o Circo não tem Piada;Naturanimal;;
Para que a Terra não Esqueça;Leon Weliczer Wells;;
Paris Já Está a Arder;D. Lapierre, L. Collins;;
Parques e Reservas Naturais de Portugal;Edições Verbo;;
Passagens da Vida Portuguesa;VARIOS AUTORES;;
Pastores da Noite;Jorge Amado;;
Patinas de Envelhecimento;Mãos Criativas;;
Paul Gauguin;Ingo F. Walther;;
Paula Rego    Volume 1;Visão;;
Paula Rego Volume 2;Visão;;
Paula Rego Volume 3;Visão;;
Paula Rego, 25 Perspectivas;Ruth Rosengarten;;
Pedras e Rochas;Troels V. Østergaard;;
Pena Capital;Mário Cesariny;;
Pensar. Sentir. Viver;Judite Sousa e Diogo Telles Correia;;Bertrand Editora
Pequena Biografia Karl Marx;Edições Avante;;
Pequena Biografia V. I. Lenine;Edições Avante;;
Pequenos Burgueses;Carlos De Oliveira;;
Peregrinação;Fernão Mendes Pinto;;
Peregrinação II;Fernão Mendes Pinto;;
Petiscos & Companhia;VARIOS AUTORES;;
Photo;Revista Photo;;
Photographias Lisboa 1900;Marina Tavares Dias;;
PIDE A História da Repressão;Jornal Do Fundão;;
Pizzas;VARIOS AUTORES;;
Plakate Zum Ersten Mai;DDR;;
Plantas Medicinais;Edições Ediclube;;
Platoon - Os Bravos do Pelotão;Dale A. Dye;;
Podia ser mentira mas é verdade;Margarida Rebelo Pinto;01/06/2009;
Poema Ecológico;Júlio Roberto;;
Poemas;Fernando Pessoa;;
Poemas;VARIOS AUTORES;;
Poemas de Abril;Sidónio Muralha;;
Poemas de Deus e o Diabo;José Régio;;
Poemas de Garcia Lorca;Eugénio De Andrade;;
Poemas do Meu Existir;Ana Marques Couto;;
Poemas Tardios;Manuel Da Várzea;;
Poemas Vivos;José Carlos Dos Santos Azevedo;;
Poesia;José Almada Negreiros;;
Poesia 1903-1917;Florbela Espanca;;
Poesias Eróticas Burlescas e Satiricas;Barbosa Do Bocage;;
Poesias Inéditas  1930-1935;Fernando Pessoa;;
Poesias Inéditas 1919-1930;Fernando Pessoa;;
Política Operária;PC(R);;
Por Mão Própria... Francisco Pinto Balsemão;Expresso;;
Por Quem os Sinos Dobram;Ernest Hemingway;;
Pornografia Política;Novais Granada;;
Portugal;M.A. Guides;;
Portugal   Radiografia de um País em Dívida;Público;;
Portugal a 18 Província de Espanha;Grande Reportagem;;
Portugal A Expressão da Paisagem;Gonçalo Santa Ritta;;
Portugal Amordaçado;Mário Soares;;
Portugal do Fado;Carlos Branco;;
Portugal Lendário    Lendas e Tradições;José Viale Moutinho;;Selecções Readers Digest
Portugal Memórias das Cidades;Diário De Noticias;;
Portugal na Espanha Árabe   Volume III;Antonio Borges Coelho;;
Portugal Natural;Edideco;;
Portugal Oprimido;Fernando Queiroga;;
Portugal Os Pontos nos ii;Jacques Fremontier;;
Portugal Um Século de Imagens;Diário De Noticias;;
Português Suave;Margarida Rebelo Pinto, Oficina do Livro;;Oficina do Livro
Português Trabalhador Doente Mental;Maria Velho Da Costa;;
Povo Trabalhador Unido para o Socialismo;Otelo Saraiva De Carvalho;;
Povos do Mundo;Edições Volta Ao Mundo;;
Praga;Lonely Planet;;
Predadores;Pepetela;;Lisboa: Dom Quixote
Prefiro Roas, Meu Amor, à Pátria o outrs Odes;Ricardo Reis;;
Presença Fatal;Hjalmar Thesen;;
Pressagio de Fogo;Marion Zimmer Bradley;1987;Difusaio Editorial
Prevenção da Doença Coronária;Instituto Nacional De Saúde;;
Primeiros Versos e Cartas Inéditas;Antonio Nobre;;
Princípios Elementares de Filosofia;Georges Politzer;;
Prisão de Segóvia;Julen Agirre;;
Processo de Constituição de uma Cooperativa;Instituto Antonio Sérgio;;
Prodescoop;Fotocópia;;
Programa do Movimento das Forças Armadas;MDP;;
Prometo Falhar;Pedro Chagas Freitas;;Marcador
Proposta Modesta;Jonathan Swift;;
Provavelmente Alegria;José Saramago;;
Punição dos Responsáveis dos Crimes de Montemor;Edições Avante;;
Pão com Manteiga;VARIOS AUTORES;;
Pão de Açúcar;Afonso Reis Cabral;;Dom Quixote
Quadras Populares;José Afonso;;
Quadros ao Gosto Popular;Fernando Pessoa;;
Quadros Populares;José Afonso;;
Quando Lisboa Tremeu;Domingos Amaral;;
Quando os Lobos Uivam XVII;Aquilino Ribeiro;;
Quando voltares para mim;Margarida Rebelo Pinto;;Clube do Autor
Quarto de Despejo;Carolina Maria De Jesus;;
Quatro Anos de Deportação;Mário Castelhano;;
Quatro Horas em Chatila;Jean Genet;;
Quatro Prisões Debaixo de Armas;Vitorino Nemésio, Livros RTP;;
Que Cavalos São Aqueles Que Fazem Sombra No Mar ?;ANTONIO LOBO ANTUNES;;Dom Quixote
Que Farei com este Livro;José Saramago;;
Quem Ama Acredita;Nicholas Sparks;;Editorial Presenca
Queres ouvir?  Eu Conto;Irene Lisboa;;
Quinta Bienal de Artes Plásticas da Festa do Avante;Festa Do Avante;;
Quo Vadis?;Henry Sienkiewicz;;
R. T. X. 78/24;Antonio Gedeão;;
Rafael Bordalo Pinheiro;Expresso;;
Raiz e Utopia;Helena Vaz Da Silva;;
Raul Proença - Panfletário e Jornalista de Folhas Clandestinas;Alberto Pedroso;;
Ravachol e os Anarquistas;Jean Maitron;;
Receitas;Sem Autor;;
Receitas de Natal;VARIOS AUTORES;;
Receitas do Alentejo;Manuel Fialho;;
Receitas do Baixo Alentejo;Manuel Camacho Lúcio;;
Receitas Light;VARIOS AUTORES;;
Receitas Rápidas;VARIOS AUTORES;;
RECEITAS À MEDIDA;LILIANA SANTOS, Prime Books;;Prime Books Sociedade Editorial
Receitascde Bacalhau;VARIOS AUTORES;;Euro Impala Portugues
Recordações da Casa Morta;Fedor Dostoiévski;;
Redacções da Guidinha;Luis De Sttau Monteiro;;
Redacções da Guidinha;Luis De Sttau Monteiro;;
Reflexões sobre a Vida depois da Vida;Raymond A. Moody Jr.;;
Refúgio Perdido;Soeiro Pereira Gomes;;
Refúgio Perdido;Soeiro Pereira Gomes;;
Registos do Outono Quente;Urbano Tavares Rodrigues;;
Regresso a Peyton Place;Grace Metalious;;
Regresso à Pequena Ilha Aventuras de um americano em terras de Sua Majestade (Portuguese Edition);Bill Bryson;;Bertrand Editora
Reportagem Sobre uma Revolução;Gruppe Dr. Katins;;
Requiem para D. Quixote;Dennis McShade;;
Resposta de um Anarquista;Júlio Carrapato;;
Restauração 1640-1668;Gabriel Do Espírito Santo;;
Resumo;Ary Dos Santos;;
Retalhos da Vida de um Médico;Fernando Namora;;
Retrato de uma Senhora;Henry James;;
Reunião Ilegal ou Acusação Irreal?;Raul Castro;;
Revelação;C. J. Sansom;2009;Porto Editora
Revista Expresso;Expresso;;
Revolução e Vida;Miguel Urbano Rodrigues;;
Ringue;Matilde Campilho;;
Rita Hayworth;Editora Impala;;
Roma das Origens aos Nossos Dias;Edizioni Lozzi Roma;;
Roma e Vaticano;Cinzia Valigi, Loretta Santini;;
Roma I;Emílio Zola;;
Roma II;Emílio Zola;;
Romance;José Almada Negreiros;;
Romance da Comuna de Paris    Volume 4;Jean Pierre Chabrol;;
Romance da Comuna de Paris   Volume 3;Jean Pierre Chabrol;;
Romance da Comuna de Paris 1;Jean Pierre Chabrol;;
Romance da Comuna de Paris Volume 2;Jean Pierre Chabrol;;
Romances Completos;Aquilino Ribeiro;;
Rosa minha Irmã Rosa;Alice Vieira;;
Rosinha, Minha Canoa;José Mauro Vasconcelos;;
Rotas da Terra e do Mar;Diário De Noticias;;
Rumo a Vitória;Álvaro Cunhal;;
Rumo ao Farol;Virginia Woolf;;
S. Banaboião Anacoreta e Mártir VIII;Aquilino Ribeiro;;
S.O.S. Crianças;Cynthia G. Last;;
Sabores Românticos - Alimentos e receitas afrodisíacas e outros estímulos sensuais;VARIOS AUTORES;;
Saladas _ Lata;VARIOS AUTORES;;
Salazar cai da cadeira, Marcelo senta-se;VARIOS AUTORES;;
Salazar Visto pelos seus Próximos;Jaime Nogueira Pinto;;
Salsichas;VARIOS AUTORES;;
Salvador Correia de Sá e Benevides;Grandes Portugueses;;
Samarcanda;Amin Maalouf;;
Sangue Azul;J. Austen;;
Santo António de Lisboa;Grandes Portugueses;;
Sapiens: História Breve da Humanidade;Yuval Noah Harari;01/01/2011;
Saramago e Pilar;Visão;;
Sat A Palavra dos Mestres;Sat;;
Satanás;Anarca;;
Se Fores Preso Camarada;Unidade Popular;;
Se Perguntarem por Mim Digam que Voei;Alice Vieira;;
Seara Nova   Novembro 1973;Seara Nova;;
Seara Nova  Setembro 1972;Seara Nova;;
Seara Nova Abril 1971;Seara Nova;;
Seara Vermelha;Jorge Amado;;
Sem Capa;?;;
Sem Flores nem Coroas;Orlando Da Costa;;
Senhor Ministro;Camilo Castelo Branco;;
Ser Homossexual em Portugal;Guilherme De Melo;;
Ser Poeta é Ser Sempre Menino;Carreiras Das Neves;;
Serenata ao Diabo;Fernando Grade;;
Sermão da Sexagésima;Padre António Vieira;;
Sermões;Padre António Vieira;;
Servidão Humana;Maugham, Somerset;;ASA EDIÇOES
Seta Despedida;Maria Judite De Carvalho;;
Sete Anos no Tibete;Heinrich Harrer;;
Sete Palmos de Terra e um Caixão;Josué De Castro;;
Siddhartha;Hermann Hesse;;
Siddhartha;Hermann Hesse;;
Sigmund Freud;Hans Martin Lohmann;;
Sindicatos Tarefas de ontem e de hoje   1926-1927;Canais Rocha;;
Sines  Terra de Vasco Gama;Arnaldo Soledade;;
Sintra Serra Sagrada;Vitor Manuel Adrião;;
Smoothie;VARIOS AUTORES;;
Smoothies A Bíblia;VARIOS AUTORES;;
Snu e a Vida Privada com Sá Carneiro;Cândida Pinto;;Dom Quixote
Sobre a Graça;Caixa Económica Operária;;
Sobre a Ideia Zuche;Kim Zong Il;;
Sobre a República;Fernando Pessoa;;
Sobre Brecht;Mário Sério;;
Sobre os Golpes Contra Revolucionários;Varela Gomes;;
Soldado;Carlos Vale Ferraz;;
Sonetos;Florbela Espanca;;
Sonetos;Florbela Espanca;;
Sonetos;Antero De Quental;;
Stuart;José Pacheco;;
SUCOTERAPIA - Como prevenir doenças através dos sucos;VARIOS AUTORES;2004;IBRASA
Sul Viagens;Miguel Sousa Tavares;;oficina
Sulcos do Nosso Querer Comum;Maria De Lourdes Pintassilgo;;
Sumos Verdes - Detox em 10 Dias;J.J. Smith;01/02/2014;
Suão;Antunes Silva;;
SW Sudoeste;José Almada Negreiros;;
Sächsische Schweiz;Fotos;;
Século Assassino;Público;;
Sérgio Godinho;Arnaldo Saraiva;;
Sérvios e Croatas;Alex N. Dragnich;;
Só;Antonio Nobre;;
Só me Ensinaram a Servir;Associação De Alfabetização E Cultura Popular;;
Só Nós Dois;Nicholas Sparks;;Edições Asa
Tabernas de Lisboa;Luis Pavão;;
Tarrafal Campo de Morte Lenta;Pedro Soares;;
Tarrafal Testemunhos;Editorial Caminho;;
Tartes Salgadas;VARIOS AUTORES;;
Teatro;José Almada Negreiros;;
Teatro Exprimental do Puôrto;Mário Viegas;;
Teatro Nacional Popular 1959-1960;VARIOS AUTORES;;
Teleny;Óscar Wilde;;
Tempo Escandinavo;José Gomes Ferreira;;
Terapêutica Biológica;Adriano de Oliveira;;
Teresa Batista Cansada de Guerra;Jorge Amado;;
Terra Bendita;Pearl Buck;;
Terra Fria;Ferreira De Castro;;
Terras do Demo II;Aquilino Ribeiro;;
Tesouros do Egipto;National Geographic Society;;
Textos de Intervenção;José Almada Negreiros;;
Textos e Canções;José Afonso;;
Textos Políticos;Amilcar Cabral;;
Tieta do Agreste I;Jorge Amado;;
Time;Sábado;;
Tintin;Hergé;;
Tintin Mystere de lavToison D'Or;Hergé;;
Tintin Objectif Lune;Hergé;;
Toda a Verdade sobre a Vida de Saramago;Editora Visão;;
Todos os Anos pela Primavera;Luis De Sttau Monteiro;;
Todos os Nomes;José Saramago;;
Tomate;VARIOS AUTORES;;
Tornar-se Pessoa;Carl R. Rogers;;
Torre Cinzenta;José Magro;;
Trabalho;Emílio Zola;;
Trabalho;Sebastião Salgado;;
Train your Brain 1;Expresso;;
Train your Brain 2;Expresso;;
Train your Brain 3;Expresso;;
Train your Brain 4;Expresso;;
Treblinka;Jean François Steiner;;
Trinta Facadas de Raiva;Calvinho;;
Truques para Eliminar a Barriga;Spido Ramirez;;
Três Contos;Maxim Gorky;1900;
Três Semanas com o meu Irmão;Nicholas Sparks;05/04/2004;
Três Tiros da PIDE;Oleg Ygnatiev;;
Tu, Liberdade;José Gomes Ferreira;;
Tudo sobre o Vinho;VARIOS AUTORES;;
Um Actor em Viagem;Rogério Paulo;;
Um Amor Feliz;David Mourão Ferreira;;
UM AMOR PORTUGUÊS;José Jorge Letria;;Editorial Notícias
Um Anjo no Trapézio;Manuel Da Fonseca;;
Um Artista chado Duque;Ilse Losa;;
Um Artista Intervém / Cartas com Alguma Moral;Fernando Lopes Graça;;
Um Cérebro Sempre Jovem;Tony Buzan;;
Um Deus na Palma da Mão;Josué Da Silva;;
Um Deus na Palma da Mão;Josué Da Silva;;
"Um Dia ""Daqueles""";Bradley Trevor Greive;;
Um Gato Entre os Pombos;Agatha Christie;;Edições Asa
Um Girassol Chamado Beatriz;Eduardo Olimpio;;
Um Homem Com Sorte;Nicholas Sparks, Editorial Presença;;Editorial Presença
Um Homem com Sorte;Nicholas Sparks;;
Um Homem em Ponto entre Vistas;Baptista Bastos;;
Um Homem Feliz;Goethe;;
Um Livrinho para os meus Amigos;Helen Exley;;
Um Momento Inesquecivel;Nicholas Sparks;;Editorial Presenca
Um Mundo Sem Fim - Volume I;Ken Follett, Ken Follett;;
Um Passeio por Amesterdão;National Geographic Society;;Verbo
Um Passeio por Atenas;National Geographic Society;;Verbo
Um Passeio por Berlim;National Geographic Society;;Verbo
Um Passeio por Roma;National Geographic Society;;Verbo
Um Passeio por Veneza;National Geographic Society;;Verbo
Um Passeio por Viena;National Geographic Society;;Verbo
Um Planeta Violento;Readers Digest;;
Um Português em Cuba;Alexandre Cabral;;
Um Sino na Montanha;Fernando Namora;;
Um Socialista Insociavel;Bernard Shaw;;
Um sonho só nosso;Nicholas Sparks;2022;Leya SA
Uma Abelha na Chuva;Carlos De Oliveira;;
Uma Certa Maneira de Cantar;Edições Avante;;
Uma Coluna de Fogo;Ken Follett;;Editorial Presença
Uma Escolha por Amor;Nicholas Sparks;;Editorial  Presenca
Uma Espécie de Música;Oscar Lopes;;
Uma Fenda na Muralha;Alves Redol;;
Uma História de Amor;Miguel De Unamuno;;
Uma Incursão no Esoterismo Português;João Aguiar;;
Uma Inglesa no Cativeiro;Elisabeth George Speare;;
Uma Luz ao Longe XIV;Aquilino Ribeiro;;
Uma Mão Cheia de Nada Outra de Coisa Nenhuma;Irene Lisboa;;
Uma Noite não são Dias;Mário Zambujal;;
Uma Política ao Serviço do Povo;Álvaro Cunhal;;
Uma Proposta de Trabalho;Cesário Verde;;
Uma Viagem Espiritual;Nicholas Sparks;;Editorial Presenca
Uma vida ao teu lado;Nicholas Sparks;2013;Leya
Uma Vida na Revolução;Francisco Miguel;;
V. I. LENINE;Lenine;;
Vai Aonde te Leva o Coracao;Susanna Tamaro;;Editorial Presenca
Valle de Los Caidos;Editora Património Nacional;;
Vamos Beber Um Gin?;Daniel Carvalho, Miguel Somsen;;Leya
Vento de Neve;Hugh Miller;;
Ventos do Apocalipse;Paulina Chiziane;;
Verbos e Provérbios;Readers Digest;;
Verdes  A Encenação Ecológica;Roger Cans;;
Verdes Amores;Colette;;
Vermelho;Somerset Maugham;;
Versos;João De Deus;;
Viagem;Carlos Gouveia E Melo;;
Viagem ao Centro da Terra;Júlio Verne;;
Viagem ao Mundo da Droga;Charles Duchaussois;;
Viagens;Mário Castrim;;
Viagens na Minha Terra;Almeida Garrett;;
Vida + Saúde + Tempo;Manuel Pinto Coelho;;Oficina do Livro
Vida depois da Vida;Raymond A. Moody Jr.;;
Vida Sem Limites;Nick Vujicic;;Caderno
Vidas Novas;José Luandino Vieira;;
Vidas Raras;Rarissimas;;
Vieira da Silva;CGD;;
Vieira da Silva 1933-1991;Gérard A. Schreiner;;
Vigiados e Perseguidos;Nuno Vasco;;
VIII Sonetos;Ary Dos Santos;;
Vinte Anos de Poesia;Ary Dos Santos;;
Viva Melhor;VARIOS AUTORES;;
Vivaldi As Quatro Estações;Deutsche Grammophon;;
Vivenda da Liberdade;Grupo De Trabalho De Alfabetização De Almada;;
Volfrâmio X;Aquilino Ribeiro;;
Volta ao Mundo;Edições Volta Ao Mundo;;
Volta ao Mundo   Catalunha;Edição Volta Ao Mundo;;
Vou Contar-te um Segredo;Margarida Rebelo Pinto;;
Vários;VARIOS AUTORES;;
Vários;VARIOS AUTORES;;
Vários;VARIOS AUTORES;;
Vários;VARIOS AUTORES;;
Vários Temas;Grande Reportagem;;
Vértice;VARIOS AUTORES;;
Vértice 8;Vértice;;
Walt;Fernando Assis Pacheco;;
Weither;Goethe;;
Winston Churchill;VARIOS AUTORES;;
Wok;VARIOS AUTORES;;
World Trade Center;Peter Skinner;;
Xeque aos Reis da Droga;Charles Gillard;;
Zeca Sempre;VARIOS AUTORES;;
À Descoberta de Portugal;Readers Digest;;
À Noite Logo se Vê;Mário Zambujal;;
África;Grande Reportagem;;
Álbum de Família;Óscar Lopes;;
Álvaro Cunhal;José Pacheco Pereira;;
É a Vida;Alexandre Castanheira;;
É Urgente Amar;Pedro Chagas Freitas;;Oficina do Livro
Édipo;Sófocles;;
